#날짜 : 2024/07/10
#이름 : 김철학
#내용 : SQL 연습문제3

#실습 3-1
create database `College`;
create user 'college'@'%' identified by '1234';
grant all privileges on `College`.* to 'college'@'%';
flush privileges;

#실습3-2
CREATE TABLE `Student` (
	`stdNo`		CHAR(8) PRIMARY KEY,
	`stdName`	VARCHAR(20) NOT NULL,
	`stdHp`		CHAR(13) NOT NULL,
	`stdYear`	TINYINT NOT NULL,
	`stdAddress` VARCHAR(100)
);

CREATE TABLE `Lecture` (
	`lecNo`		INT PRIMARY KEY,
	`lecName`	VARCHAR(20) NOT NULL,
	`lecCredit`	TINYINT NOT NULL,
	`lecTime`	INT NOT NULL,
	`lecClass`	VARCHAR(10) DEFAULT NULL
);

CREATE TABLE `Register` (
	`regStdNo`			CHAR(8),
	`regLecNo`			INT,
	`regMidScore`		TINYINT,
	`regFinalScore`	TINYINT,
	`regTotalScore`	TINYINT,
	`regGrade`			CHAR(1)
);

#실습3-3
INSERT INTO `Student` VALUES ('20201016', '김유신', '010-1234-1001', 3, NULL);
INSERT INTO `Student` VALUES ('20201126', '김춘추', '010-1234-1002', 3, '경상남도 경주시');
INSERT INTO `Student` VALUES ('20210216', '장보고', '010-1234-1003', 2, '전라남도 완도시');
INSERT INTO `Student` VALUES ('20210326', '강감찬', '010-1234-1004', 2, '서울시 영등포구');
INSERT INTO `Student` VALUES ('20220416', '이순신', '010-1234-1005', 1, '부산시 부산진구');
INSERT INTO `Student` VALUES ('20220521', '송상현', '010-1234-1006', 1, '부산시 동래구');

INSERT INTO `Lecture` VALUES (159, '인지행동심리학', 3, 40, '본304');
INSERT INTO `Lecture` VALUES (167, '운영체제론', 3, 25, '본B05');
INSERT INTO `Lecture` VALUES (234, '무역영문', 3, 20, '본201');
INSERT INTO `Lecture` VALUES (239, '세법개론', 3, 40, '본204');
INSERT INTO `Lecture` VALUES (248, '빅데이터 개론', 3, 20, '본B01');
INSERT INTO `Lecture` VALUES (253, '컴퓨팅사고와 코딩', 2, 10, '본B02');
INSERT INTO `Lecture` VALUES (349, '사회복지 마케팅', 2, 50, '본301');

INSERT INTO `Register` (`regStdNo`, `regLecNo`) VALUES ('20201126', 234);
INSERT INTO `Register` (`regStdNo`, `regLecNo`) VALUES ('20201016', 248);
INSERT INTO `Register` (`regStdNo`, `regLecNo`) VALUES ('20201016', 253);
INSERT INTO `Register` (`regStdNo`, `regLecNo`) VALUES ('20201126', 239);
INSERT INTO `Register` (`regStdNo`, `regLecNo`) VALUES ('20210216', 349);
INSERT INTO `Register` (`regStdNo`, `regLecNo`) VALUES ('20210326', 349);
INSERT INTO `Register` (`regStdNo`, `regLecNo`) VALUES ('20201016', 167);
INSERT INTO `Register` (`regStdNo`, `regLecNo`) VALUES ('20220416', 349);

#실습 3-4
#실습 3-5
#실습 3-6
#실습 3-7
#실습 3-8
#실습 3-9
#실습 3-10
#실습 3-11
#실습 3-12
#실습 3-13
#실습 3-14
#실습 3-15
#실습 3-16
#실습 3-17
#실습 3-18
#실습 3-19
#실습 3-20
#실습 3-21
#실습 3-22
#실습 3-23
#실습 3-24
#실습 3-25
#실습 3-26
#실습 3-27
#실습 3-28
#실습 3-29
#실습 3-30